<?xml version="1.0"?>
<link_info>
   <banner>TMS320C55x Linker PC v4.4.1</banner>
   <copyright>Copyright (c) 1996-2012 Texas Instruments Incorporated</copyright>
   <link_time>0x65bd1617</link_time>
   <output_file>aic3204.out</output_file>
   <entry_point>
      <name>_c_int00</name>
      <address>0x22688</address>
   </entry_point>
   <input_file_list>
      <input_file id="fl-2">
         <path>.\</path>
         <kind>object</kind>
         <file>aic3204.obj</file>
         <name>aic3204.obj</name>
      </input_file>
      <input_file id="fl-3">
         <path>.\</path>
         <kind>object</kind>
         <file>ezdsp5535.obj</file>
         <name>ezdsp5535.obj</name>
      </input_file>
      <input_file id="fl-4">
         <path>.\</path>
         <kind>object</kind>
         <file>ezdsp5535_gpio.obj</file>
         <name>ezdsp5535_gpio.obj</name>
      </input_file>
      <input_file id="fl-5">
         <path>.\</path>
         <kind>object</kind>
         <file>ezdsp5535_i2c.obj</file>
         <name>ezdsp5535_i2c.obj</name>
      </input_file>
      <input_file id="fl-6">
         <path>.\</path>
         <kind>object</kind>
         <file>ezdsp5535_i2s.obj</file>
         <name>ezdsp5535_i2s.obj</name>
      </input_file>
      <input_file id="fl-7">
         <path>.\</path>
         <kind>object</kind>
         <file>ezdsp5535_lcd.obj</file>
         <name>ezdsp5535_lcd.obj</name>
      </input_file>
      <input_file id="fl-8">
         <path>.\</path>
         <kind>object</kind>
         <file>ezdsp5535_led.obj</file>
         <name>ezdsp5535_led.obj</name>
      </input_file>
      <input_file id="fl-9">
         <path>.\</path>
         <kind>object</kind>
         <file>main.obj</file>
         <name>main.obj</name>
      </input_file>
      <input_file id="fl-e">
         <path>Z:\Documents\UNL\ECEN498\ezdsp5535_v1_spring2024\c55xx_csl\ccs_v4.0_examples\cslVC5505\Debug\</path>
         <kind>archive</kind>
         <file>cslVC5505.lib</file>
         <name>csl_i2s.obj</name>
      </input_file>
      <input_file id="fl-f">
         <path>Z:\Documents\UNL\ECEN498\ezdsp5535_v1_spring2024\c55xx_csl\ccs_v4.0_examples\cslVC5505\Debug\</path>
         <kind>archive</kind>
         <file>cslVC5505.lib</file>
         <name>csl_i2c.obj</name>
      </input_file>
      <input_file id="fl-10">
         <path>Z:\Documents\UNL\ECEN498\ezdsp5535_v1_spring2024\c55xx_csl\ccs_v4.0_examples\cslVC5505\Debug\</path>
         <kind>archive</kind>
         <file>cslVC5505.lib</file>
         <name>csl_gpio.obj</name>
      </input_file>
      <input_file id="fl-11">
         <path>C:\ti\ccsv6\tools\compiler\c5500_4.4.1\lib\</path>
         <kind>archive</kind>
         <file>rts55x.lib</file>
         <name>boot.obj</name>
      </input_file>
      <input_file id="fl-12">
         <path>C:\ti\ccsv6\tools\compiler\c5500_4.4.1\lib\</path>
         <kind>archive</kind>
         <file>rts55x.lib</file>
         <name>divul.obj</name>
      </input_file>
      <input_file id="fl-13">
         <path>C:\ti\ccsv6\tools\compiler\c5500_4.4.1\lib\</path>
         <kind>archive</kind>
         <file>rts55x.lib</file>
         <name>exit.obj</name>
      </input_file>
      <input_file id="fl-14">
         <path>C:\ti\ccsv6\tools\compiler\c5500_4.4.1\lib\</path>
         <kind>archive</kind>
         <file>rts55x.lib</file>
         <name>lmpy.obj</name>
      </input_file>
      <input_file id="fl-15">
         <path>C:\ti\ccsv6\tools\compiler\c5500_4.4.1\lib\</path>
         <kind>archive</kind>
         <file>rts55x.lib</file>
         <name>remul.obj</name>
      </input_file>
      <input_file id="fl-16">
         <path>C:\ti\ccsv6\tools\compiler\c5500_4.4.1\lib\</path>
         <kind>archive</kind>
         <file>rts55x.lib</file>
         <name>vectors.obj</name>
      </input_file>
      <input_file id="fl-17">
         <path>C:\ti\ccsv6\tools\compiler\c5500_4.4.1\lib\</path>
         <kind>archive</kind>
         <file>rts55x.lib</file>
         <name>_lock.obj</name>
      </input_file>
      <input_file id="fl-18">
         <path>C:\ti\ccsv6\tools\compiler\c5500_4.4.1\lib\</path>
         <kind>archive</kind>
         <file>rts55x.lib</file>
         <name>args_main.obj</name>
      </input_file>
      <input_file id="fl-19">
         <path>C:\ti\ccsv6\tools\compiler\c5500_4.4.1\lib\</path>
         <kind>archive</kind>
         <file>rts55x.lib</file>
         <name>autoinit.obj</name>
      </input_file>
   </input_file_list>
   <object_component_list>
      <object_component id="oc-43">
         <name>.text</name>
         <load_address>0x20000</load_address>
         <run_address>0x20000</run_address>
         <size>0xc3c</size>
         <input_file_ref idref="fl-f"/>
      </object_component>
      <object_component id="oc-3c">
         <name>.text</name>
         <load_address>0x20c3c</load_address>
         <run_address>0x20c3c</run_address>
         <size>0x9f3</size>
         <input_file_ref idref="fl-e"/>
      </object_component>
      <object_component id="oc-49">
         <name>.text</name>
         <load_address>0x2162f</load_address>
         <run_address>0x2162f</run_address>
         <size>0x68d</size>
         <input_file_ref idref="fl-10"/>
      </object_component>
      <object_component id="oc-12">
         <name>.text</name>
         <load_address>0x21cbc</load_address>
         <run_address>0x21cbc</run_address>
         <size>0x1fa</size>
         <input_file_ref idref="fl-2"/>
      </object_component>
      <object_component id="oc-32">
         <name>.text</name>
         <load_address>0x21eb6</load_address>
         <run_address>0x21eb6</run_address>
         <size>0x1e7</size>
         <input_file_ref idref="fl-8"/>
      </object_component>
      <object_component id="oc-2d">
         <name>.text</name>
         <load_address>0x2209d</load_address>
         <run_address>0x2209d</run_address>
         <size>0x192</size>
         <input_file_ref idref="fl-7"/>
      </object_component>
      <object_component id="oc-27">
         <name>.text</name>
         <load_address>0x2222f</load_address>
         <run_address>0x2222f</run_address>
         <size>0x107</size>
         <input_file_ref idref="fl-6"/>
      </object_component>
      <object_component id="oc-52">
         <name>.text</name>
         <load_address>0x22336</load_address>
         <run_address>0x22336</run_address>
         <size>0xa1</size>
         <input_file_ref idref="fl-12"/>
      </object_component>
      <object_component id="oc-22">
         <name>.text</name>
         <load_address>0x223d7</load_address>
         <run_address>0x223d7</run_address>
         <size>0x8e</size>
         <input_file_ref idref="fl-5"/>
      </object_component>
      <object_component id="oc-1c">
         <name>.text</name>
         <load_address>0x22465</load_address>
         <run_address>0x22465</run_address>
         <size>0x87</size>
         <input_file_ref idref="fl-4"/>
      </object_component>
      <object_component id="oc-61">
         <name>.text</name>
         <load_address>0x224ec</load_address>
         <run_address>0x224ec</run_address>
         <size>0x72</size>
         <input_file_ref idref="fl-15"/>
      </object_component>
      <object_component id="oc-17">
         <name>.text</name>
         <load_address>0x2255e</load_address>
         <run_address>0x2255e</run_address>
         <size>0x54</size>
         <input_file_ref idref="fl-3"/>
      </object_component>
      <object_component id="oc-73">
         <name>.text</name>
         <load_address>0x225b2</load_address>
         <run_address>0x225b2</run_address>
         <size>0x4d</size>
         <input_file_ref idref="fl-19"/>
      </object_component>
      <object_component id="oc-6f">
         <name>.text</name>
         <load_address>0x225ff</load_address>
         <run_address>0x225ff</run_address>
         <size>0x4b</size>
         <input_file_ref idref="fl-18"/>
      </object_component>
      <object_component id="oc-56">
         <name>.text</name>
         <load_address>0x2264a</load_address>
         <run_address>0x2264a</run_address>
         <size>0x3e</size>
         <input_file_ref idref="fl-13"/>
      </object_component>
      <object_component id="oc-10">
         <name>.text</name>
         <load_address>0x22688</load_address>
         <run_address>0x22688</run_address>
         <size>0x34</size>
         <input_file_ref idref="fl-11"/>
      </object_component>
      <object_component id="oc-37">
         <name>.text</name>
         <load_address>0x226bc</load_address>
         <run_address>0x226bc</run_address>
         <size>0x16</size>
         <input_file_ref idref="fl-9"/>
      </object_component>
      <object_component id="oc-5d">
         <name>.text</name>
         <load_address>0x226d2</load_address>
         <run_address>0x226d2</run_address>
         <size>0x13</size>
         <input_file_ref idref="fl-14"/>
      </object_component>
      <object_component id="oc-69">
         <name>.text</name>
         <load_address>0x226e5</load_address>
         <run_address>0x226e5</run_address>
         <size>0x12</size>
         <input_file_ref idref="fl-17"/>
      </object_component>
      <object_component id="oc-5a">
         <name>.text:CIO_breakpoint</name>
         <load_address>0x226f7</load_address>
         <run_address>0x226f7</run_address>
         <size>0x7</size>
         <input_file_ref idref="fl-13"/>
      </object_component>
      <object_component id="oc-65">
         <name>.text</name>
         <load_address>0x226fe</load_address>
         <run_address>0x226fe</run_address>
         <size>0x2</size>
         <input_file_ref idref="fl-16"/>
      </object_component>
      <object_component id="oc-4e">
         <name>.stack</name>
         <uninitialized>true</uninitialized>
         <run_address>0xc0</run_address>
         <size>0x0</size>
         <input_file_ref idref="fl-11"/>
      </object_component>
      <object_component id="oc-8f">
         <name>.stack</name>
         <uninitialized>true</uninitialized>
         <run_address>0xc0</run_address>
         <size>0x0</size>
      </object_component>
      <object_component id="oc-77">
         <name>.sysstack</name>
         <uninitialized>true</uninitialized>
         <run_address>0x20c0</run_address>
         <size>0x0</size>
         <input_file_ref idref="fl-11"/>
      </object_component>
      <object_component id="oc-90">
         <name>.sysstack</name>
         <uninitialized>true</uninitialized>
         <run_address>0x20c0</run_address>
         <size>0x0</size>
      </object_component>
      <object_component id="oc-3d">
         <name>.bss</name>
         <uninitialized>true</uninitialized>
         <run_address>0x30c0</run_address>
         <size>0x54</size>
         <input_file_ref idref="fl-e"/>
      </object_component>
      <object_component id="oc-44">
         <name>.bss</name>
         <uninitialized>true</uninitialized>
         <run_address>0x3114</run_address>
         <size>0x24</size>
         <input_file_ref idref="fl-f"/>
      </object_component>
      <object_component id="oc-1d">
         <name>.bss</name>
         <uninitialized>true</uninitialized>
         <run_address>0x3138</run_address>
         <size>0x8</size>
         <input_file_ref idref="fl-4"/>
      </object_component>
      <object_component id="oc-6a">
         <name>.bss</name>
         <uninitialized>true</uninitialized>
         <run_address>0x3140</run_address>
         <size>0x8</size>
         <input_file_ref idref="fl-17"/>
      </object_component>
      <object_component id="oc-57">
         <name>.bss</name>
         <uninitialized>true</uninitialized>
         <run_address>0x3148</run_address>
         <size>0x8</size>
         <input_file_ref idref="fl-13"/>
      </object_component>
      <object_component id="oc-28">
         <name>.bss</name>
         <uninitialized>true</uninitialized>
         <run_address>0x3150</run_address>
         <size>0x4</size>
         <input_file_ref idref="fl-6"/>
      </object_component>
      <object_component id="oc-6c">
         <name>.cinit</name>
         <load_address>0x40000</load_address>
         <run_address>0x40000</run_address>
         <size>0x14</size>
         <input_file_ref idref="fl-17"/>
      </object_component>
      <object_component id="oc-59">
         <name>.cinit</name>
         <load_address>0x40014</load_address>
         <run_address>0x40014</run_address>
         <size>0x14</size>
         <input_file_ref idref="fl-13"/>
      </object_component>
      <object_component id="oc-3f">
         <name>.cinit</name>
         <load_address>0x40028</load_address>
         <run_address>0x40028</run_address>
         <size>0x10</size>
         <input_file_ref idref="fl-e"/>
      </object_component>
      <object_component id="oc-11">
         <name>vectors</name>
         <load_address>0x4fe00</load_address>
         <run_address>0x4fe00</run_address>
         <size>0x100</size>
         <input_file_ref idref="fl-16"/>
      </object_component>
      <object_component id="oc-13">
         <name>.debug_info</name>
         <load_address>0x0</load_address>
         <run_address>0x0</run_address>
         <size>0xc87</size>
         <input_file_ref idref="fl-2"/>
      </object_component>
      <object_component id="oc-18">
         <name>.debug_info</name>
         <load_address>0xc87</load_address>
         <run_address>0xc87</run_address>
         <size>0xc9c</size>
         <input_file_ref idref="fl-3"/>
      </object_component>
      <object_component id="oc-1e">
         <name>.debug_info</name>
         <load_address>0x1923</load_address>
         <run_address>0x1923</run_address>
         <size>0x14b0</size>
         <input_file_ref idref="fl-4"/>
      </object_component>
      <object_component id="oc-23">
         <name>.debug_info</name>
         <load_address>0x2dd3</load_address>
         <run_address>0x2dd3</run_address>
         <size>0xa2a</size>
         <input_file_ref idref="fl-5"/>
      </object_component>
      <object_component id="oc-29">
         <name>.debug_info</name>
         <load_address>0x37fd</load_address>
         <run_address>0x37fd</run_address>
         <size>0x1545</size>
         <input_file_ref idref="fl-6"/>
      </object_component>
      <object_component id="oc-2e">
         <name>.debug_info</name>
         <load_address>0x4d42</load_address>
         <run_address>0x4d42</run_address>
         <size>0xd86</size>
         <input_file_ref idref="fl-7"/>
      </object_component>
      <object_component id="oc-33">
         <name>.debug_info</name>
         <load_address>0x5ac8</load_address>
         <run_address>0x5ac8</run_address>
         <size>0x1039</size>
         <input_file_ref idref="fl-8"/>
      </object_component>
      <object_component id="oc-38">
         <name>.debug_info</name>
         <load_address>0x6b01</load_address>
         <run_address>0x6b01</run_address>
         <size>0x67b</size>
         <input_file_ref idref="fl-9"/>
      </object_component>
      <object_component id="oc-3e">
         <name>.debug_info</name>
         <load_address>0x717c</load_address>
         <run_address>0x717c</run_address>
         <size>0x710f</size>
         <input_file_ref idref="fl-e"/>
      </object_component>
      <object_component id="oc-45">
         <name>.debug_info</name>
         <load_address>0xe28b</load_address>
         <run_address>0xe28b</run_address>
         <size>0x7424</size>
         <input_file_ref idref="fl-f"/>
      </object_component>
      <object_component id="oc-4a">
         <name>.debug_info</name>
         <load_address>0x156af</load_address>
         <run_address>0x156af</run_address>
         <size>0x6ced</size>
         <input_file_ref idref="fl-10"/>
      </object_component>
      <object_component id="oc-4f">
         <name>.debug_info</name>
         <load_address>0x1c39c</load_address>
         <run_address>0x1c39c</run_address>
         <size>0xe8</size>
         <input_file_ref idref="fl-11"/>
      </object_component>
      <object_component id="oc-53">
         <name>.debug_info</name>
         <load_address>0x1c484</load_address>
         <run_address>0x1c484</run_address>
         <size>0x534</size>
         <input_file_ref idref="fl-12"/>
      </object_component>
      <object_component id="oc-58">
         <name>.debug_info</name>
         <load_address>0x1c9b8</load_address>
         <run_address>0x1c9b8</run_address>
         <size>0x5fb</size>
         <input_file_ref idref="fl-13"/>
      </object_component>
      <object_component id="oc-5e">
         <name>.debug_info</name>
         <load_address>0x1cfb3</load_address>
         <run_address>0x1cfb3</run_address>
         <size>0xbd</size>
         <input_file_ref idref="fl-14"/>
      </object_component>
      <object_component id="oc-62">
         <name>.debug_info</name>
         <load_address>0x1d070</load_address>
         <run_address>0x1d070</run_address>
         <size>0x534</size>
         <input_file_ref idref="fl-15"/>
      </object_component>
      <object_component id="oc-66">
         <name>.debug_info</name>
         <load_address>0x1d5a4</load_address>
         <run_address>0x1d5a4</run_address>
         <size>0xbc</size>
         <input_file_ref idref="fl-16"/>
      </object_component>
      <object_component id="oc-6b">
         <name>.debug_info</name>
         <load_address>0x1d660</load_address>
         <run_address>0x1d660</run_address>
         <size>0x5bc</size>
         <input_file_ref idref="fl-17"/>
      </object_component>
      <object_component id="oc-70">
         <name>.debug_info</name>
         <load_address>0x1dc1c</load_address>
         <run_address>0x1dc1c</run_address>
         <size>0x586</size>
         <input_file_ref idref="fl-18"/>
      </object_component>
      <object_component id="oc-74">
         <name>.debug_info</name>
         <load_address>0x1e1a2</load_address>
         <run_address>0x1e1a2</run_address>
         <size>0xcd</size>
         <input_file_ref idref="fl-19"/>
      </object_component>
      <object_component id="oc-94">
         <name>.debug_info</name>
         <load_address>0x1e26f</load_address>
         <run_address>0x1e26f</run_address>
         <size>0x6e</size>
      </object_component>
      <object_component id="oc-14">
         <name>.debug_frame</name>
         <load_address>0x0</load_address>
         <run_address>0x0</run_address>
         <size>0x11d</size>
         <input_file_ref idref="fl-2"/>
      </object_component>
      <object_component id="oc-19">
         <name>.debug_frame</name>
         <load_address>0x11d</load_address>
         <run_address>0x11d</run_address>
         <size>0x116</size>
         <input_file_ref idref="fl-3"/>
      </object_component>
      <object_component id="oc-1f">
         <name>.debug_frame</name>
         <load_address>0x233</load_address>
         <run_address>0x233</run_address>
         <size>0x138</size>
         <input_file_ref idref="fl-4"/>
      </object_component>
      <object_component id="oc-24">
         <name>.debug_frame</name>
         <load_address>0x36b</load_address>
         <run_address>0x36b</run_address>
         <size>0x138</size>
         <input_file_ref idref="fl-5"/>
      </object_component>
      <object_component id="oc-2a">
         <name>.debug_frame</name>
         <load_address>0x4a3</load_address>
         <run_address>0x4a3</run_address>
         <size>0x171</size>
         <input_file_ref idref="fl-6"/>
      </object_component>
      <object_component id="oc-2f">
         <name>.debug_frame</name>
         <load_address>0x614</load_address>
         <run_address>0x614</run_address>
         <size>0x13a</size>
         <input_file_ref idref="fl-7"/>
      </object_component>
      <object_component id="oc-34">
         <name>.debug_frame</name>
         <load_address>0x74e</load_address>
         <run_address>0x74e</run_address>
         <size>0x1e3</size>
         <input_file_ref idref="fl-8"/>
      </object_component>
      <object_component id="oc-39">
         <name>.debug_frame</name>
         <load_address>0x931</load_address>
         <run_address>0x931</run_address>
         <size>0xf7</size>
         <input_file_ref idref="fl-9"/>
      </object_component>
      <object_component id="oc-40">
         <name>.debug_frame</name>
         <load_address>0xa28</load_address>
         <run_address>0xa28</run_address>
         <size>0x197</size>
         <input_file_ref idref="fl-e"/>
      </object_component>
      <object_component id="oc-46">
         <name>.debug_frame</name>
         <load_address>0xbbf</load_address>
         <run_address>0xbbf</run_address>
         <size>0x1ef</size>
         <input_file_ref idref="fl-f"/>
      </object_component>
      <object_component id="oc-4b">
         <name>.debug_frame</name>
         <load_address>0xdae</load_address>
         <run_address>0xdae</run_address>
         <size>0x224</size>
         <input_file_ref idref="fl-10"/>
      </object_component>
      <object_component id="oc-15">
         <name>.debug_line</name>
         <load_address>0x0</load_address>
         <run_address>0x0</run_address>
         <size>0xaa</size>
         <input_file_ref idref="fl-2"/>
      </object_component>
      <object_component id="oc-1a">
         <name>.debug_line</name>
         <load_address>0xaa</load_address>
         <run_address>0xaa</run_address>
         <size>0x81</size>
         <input_file_ref idref="fl-3"/>
      </object_component>
      <object_component id="oc-20">
         <name>.debug_line</name>
         <load_address>0x12b</load_address>
         <run_address>0x12b</run_address>
         <size>0x9f</size>
         <input_file_ref idref="fl-4"/>
      </object_component>
      <object_component id="oc-25">
         <name>.debug_line</name>
         <load_address>0x1ca</load_address>
         <run_address>0x1ca</run_address>
         <size>0xa6</size>
         <input_file_ref idref="fl-5"/>
      </object_component>
      <object_component id="oc-2b">
         <name>.debug_line</name>
         <load_address>0x270</load_address>
         <run_address>0x270</run_address>
         <size>0xe5</size>
         <input_file_ref idref="fl-6"/>
      </object_component>
      <object_component id="oc-30">
         <name>.debug_line</name>
         <load_address>0x355</load_address>
         <run_address>0x355</run_address>
         <size>0xd5</size>
         <input_file_ref idref="fl-7"/>
      </object_component>
      <object_component id="oc-35">
         <name>.debug_line</name>
         <load_address>0x42a</load_address>
         <run_address>0x42a</run_address>
         <size>0x18e</size>
         <input_file_ref idref="fl-8"/>
      </object_component>
      <object_component id="oc-3a">
         <name>.debug_line</name>
         <load_address>0x5b8</load_address>
         <run_address>0x5b8</run_address>
         <size>0x5b</size>
         <input_file_ref idref="fl-9"/>
      </object_component>
      <object_component id="oc-41">
         <name>.debug_line</name>
         <load_address>0x613</load_address>
         <run_address>0x613</run_address>
         <size>0x94c</size>
         <input_file_ref idref="fl-e"/>
      </object_component>
      <object_component id="oc-47">
         <name>.debug_line</name>
         <load_address>0xf5f</load_address>
         <run_address>0xf5f</run_address>
         <size>0x96d</size>
         <input_file_ref idref="fl-f"/>
      </object_component>
      <object_component id="oc-4c">
         <name>.debug_line</name>
         <load_address>0x18cc</load_address>
         <run_address>0x18cc</run_address>
         <size>0x7c8</size>
         <input_file_ref idref="fl-10"/>
      </object_component>
      <object_component id="oc-50">
         <name>.debug_line</name>
         <load_address>0x2094</load_address>
         <run_address>0x2094</run_address>
         <size>0x54</size>
         <input_file_ref idref="fl-11"/>
      </object_component>
      <object_component id="oc-54">
         <name>.debug_line</name>
         <load_address>0x20e8</load_address>
         <run_address>0x20e8</run_address>
         <size>0x44</size>
         <input_file_ref idref="fl-12"/>
      </object_component>
      <object_component id="oc-5b">
         <name>.debug_line</name>
         <load_address>0x212c</load_address>
         <run_address>0x212c</run_address>
         <size>0x51</size>
         <input_file_ref idref="fl-13"/>
      </object_component>
      <object_component id="oc-5f">
         <name>.debug_line</name>
         <load_address>0x217d</load_address>
         <run_address>0x217d</run_address>
         <size>0x3c</size>
         <input_file_ref idref="fl-14"/>
      </object_component>
      <object_component id="oc-63">
         <name>.debug_line</name>
         <load_address>0x21b9</load_address>
         <run_address>0x21b9</run_address>
         <size>0x44</size>
         <input_file_ref idref="fl-15"/>
      </object_component>
      <object_component id="oc-67">
         <name>.debug_line</name>
         <load_address>0x21fd</load_address>
         <run_address>0x21fd</run_address>
         <size>0x37</size>
         <input_file_ref idref="fl-16"/>
      </object_component>
      <object_component id="oc-6d">
         <name>.debug_line</name>
         <load_address>0x2234</load_address>
         <run_address>0x2234</run_address>
         <size>0x57</size>
         <input_file_ref idref="fl-17"/>
      </object_component>
      <object_component id="oc-71">
         <name>.debug_line</name>
         <load_address>0x228b</load_address>
         <run_address>0x228b</run_address>
         <size>0x41</size>
         <input_file_ref idref="fl-18"/>
      </object_component>
      <object_component id="oc-75">
         <name>.debug_line</name>
         <load_address>0x22cc</load_address>
         <run_address>0x22cc</run_address>
         <size>0x55</size>
         <input_file_ref idref="fl-19"/>
      </object_component>
      <object_component id="oc-16">
         <name>.debug_abbrev</name>
         <load_address>0x0</load_address>
         <run_address>0x0</run_address>
         <size>0x103</size>
         <input_file_ref idref="fl-2"/>
      </object_component>
      <object_component id="oc-1b">
         <name>.debug_abbrev</name>
         <load_address>0x103</load_address>
         <run_address>0x103</run_address>
         <size>0x12d</size>
         <input_file_ref idref="fl-3"/>
      </object_component>
      <object_component id="oc-21">
         <name>.debug_abbrev</name>
         <load_address>0x230</load_address>
         <run_address>0x230</run_address>
         <size>0x122</size>
         <input_file_ref idref="fl-4"/>
      </object_component>
      <object_component id="oc-26">
         <name>.debug_abbrev</name>
         <load_address>0x352</load_address>
         <run_address>0x352</run_address>
         <size>0xd9</size>
         <input_file_ref idref="fl-5"/>
      </object_component>
      <object_component id="oc-2c">
         <name>.debug_abbrev</name>
         <load_address>0x42b</load_address>
         <run_address>0x42b</run_address>
         <size>0x164</size>
         <input_file_ref idref="fl-6"/>
      </object_component>
      <object_component id="oc-31">
         <name>.debug_abbrev</name>
         <load_address>0x58f</load_address>
         <run_address>0x58f</run_address>
         <size>0x10d</size>
         <input_file_ref idref="fl-7"/>
      </object_component>
      <object_component id="oc-36">
         <name>.debug_abbrev</name>
         <load_address>0x69c</load_address>
         <run_address>0x69c</run_address>
         <size>0x130</size>
         <input_file_ref idref="fl-8"/>
      </object_component>
      <object_component id="oc-3b">
         <name>.debug_abbrev</name>
         <load_address>0x7cc</load_address>
         <run_address>0x7cc</run_address>
         <size>0xbd</size>
         <input_file_ref idref="fl-9"/>
      </object_component>
      <object_component id="oc-42">
         <name>.debug_abbrev</name>
         <load_address>0x889</load_address>
         <run_address>0x889</run_address>
         <size>0x237</size>
         <input_file_ref idref="fl-e"/>
      </object_component>
      <object_component id="oc-48">
         <name>.debug_abbrev</name>
         <load_address>0xac0</load_address>
         <run_address>0xac0</run_address>
         <size>0x25d</size>
         <input_file_ref idref="fl-f"/>
      </object_component>
      <object_component id="oc-4d">
         <name>.debug_abbrev</name>
         <load_address>0xd1d</load_address>
         <run_address>0xd1d</run_address>
         <size>0x1a7</size>
         <input_file_ref idref="fl-10"/>
      </object_component>
      <object_component id="oc-51">
         <name>.debug_abbrev</name>
         <load_address>0xec4</load_address>
         <run_address>0xec4</run_address>
         <size>0x3a</size>
         <input_file_ref idref="fl-11"/>
      </object_component>
      <object_component id="oc-55">
         <name>.debug_abbrev</name>
         <load_address>0xefe</load_address>
         <run_address>0xefe</run_address>
         <size>0xb5</size>
         <input_file_ref idref="fl-12"/>
      </object_component>
      <object_component id="oc-5c">
         <name>.debug_abbrev</name>
         <load_address>0xfb3</load_address>
         <run_address>0xfb3</run_address>
         <size>0xf7</size>
         <input_file_ref idref="fl-13"/>
      </object_component>
      <object_component id="oc-60">
         <name>.debug_abbrev</name>
         <load_address>0x10aa</load_address>
         <run_address>0x10aa</run_address>
         <size>0x38</size>
         <input_file_ref idref="fl-14"/>
      </object_component>
      <object_component id="oc-64">
         <name>.debug_abbrev</name>
         <load_address>0x10e2</load_address>
         <run_address>0x10e2</run_address>
         <size>0xb5</size>
         <input_file_ref idref="fl-15"/>
      </object_component>
      <object_component id="oc-68">
         <name>.debug_abbrev</name>
         <load_address>0x1197</load_address>
         <run_address>0x1197</run_address>
         <size>0x26</size>
         <input_file_ref idref="fl-16"/>
      </object_component>
      <object_component id="oc-6e">
         <name>.debug_abbrev</name>
         <load_address>0x11bd</load_address>
         <run_address>0x11bd</run_address>
         <size>0x9f</size>
         <input_file_ref idref="fl-17"/>
      </object_component>
      <object_component id="oc-72">
         <name>.debug_abbrev</name>
         <load_address>0x125c</load_address>
         <run_address>0x125c</run_address>
         <size>0xec</size>
         <input_file_ref idref="fl-18"/>
      </object_component>
      <object_component id="oc-76">
         <name>.debug_abbrev</name>
         <load_address>0x1348</load_address>
         <run_address>0x1348</run_address>
         <size>0x44</size>
         <input_file_ref idref="fl-19"/>
      </object_component>
      <object_component id="oc-95">
         <name>.debug_abbrev</name>
         <load_address>0x138c</load_address>
         <run_address>0x138c</run_address>
         <size>0xd</size>
      </object_component>
   </object_component_list>
   <logical_group_list>
      <logical_group id="lg-92">
         <name>.text</name>
         <load_address>0x20000</load_address>
         <run_address>0x20000</run_address>
         <size>0x2701</size>
         <contents>
            <object_component_ref idref="oc-43"/>
            <object_component_ref idref="oc-3c"/>
            <object_component_ref idref="oc-49"/>
            <object_component_ref idref="oc-12"/>
            <object_component_ref idref="oc-32"/>
            <object_component_ref idref="oc-2d"/>
            <object_component_ref idref="oc-27"/>
            <object_component_ref idref="oc-52"/>
            <object_component_ref idref="oc-22"/>
            <object_component_ref idref="oc-1c"/>
            <object_component_ref idref="oc-61"/>
            <object_component_ref idref="oc-17"/>
            <object_component_ref idref="oc-73"/>
            <object_component_ref idref="oc-6f"/>
            <object_component_ref idref="oc-56"/>
            <object_component_ref idref="oc-10"/>
            <object_component_ref idref="oc-37"/>
            <object_component_ref idref="oc-5d"/>
            <object_component_ref idref="oc-69"/>
            <object_component_ref idref="oc-5a"/>
            <object_component_ref idref="oc-65"/>
         </contents>
      </logical_group>
      <split_section id="lg-2">
         <name>.text</name>
         <contents>
            <logical_group_ref idref="lg-92"/>
         </contents>
      </split_section>
      <logical_group id="lg-3">
         <name>.stack</name>
         <run_address>0xc0</run_address>
         <size>0x2000</size>
         <contents>
            <object_component_ref idref="oc-4e"/>
            <object_component_ref idref="oc-8f"/>
         </contents>
      </logical_group>
      <logical_group id="lg-4">
         <name>.sysstack</name>
         <run_address>0x20c0</run_address>
         <size>0x1000</size>
         <contents>
            <object_component_ref idref="oc-77"/>
            <object_component_ref idref="oc-90"/>
         </contents>
      </logical_group>
      <logical_group id="lg-5">
         <name>.data</name>
         <run_address>0xc0</run_address>
         <size>0x0</size>
         <contents>
         </contents>
      </logical_group>
      <logical_group id="lg-93">
         <name>.bss</name>
         <run_address>0x30c0</run_address>
         <size>0x94</size>
         <contents>
            <object_component_ref idref="oc-3d"/>
            <object_component_ref idref="oc-44"/>
            <object_component_ref idref="oc-1d"/>
            <object_component_ref idref="oc-6a"/>
            <object_component_ref idref="oc-57"/>
            <object_component_ref idref="oc-28"/>
         </contents>
      </logical_group>
      <split_section id="lg-6">
         <name>.bss</name>
         <contents>
            <logical_group_ref idref="lg-93"/>
         </contents>
      </split_section>
      <logical_group id="lg-7">
         <name>.const</name>
         <run_address>0x0</run_address>
         <size>0x0</size>
         <contents>
         </contents>
      </logical_group>
      <logical_group id="lg-8">
         <name>.sysmem</name>
         <run_address>0x0</run_address>
         <size>0x0</size>
         <contents>
         </contents>
      </logical_group>
      <logical_group id="lg-9">
         <name>.switch</name>
         <run_address>0x0</run_address>
         <size>0x0</size>
         <contents>
         </contents>
      </logical_group>
      <logical_group id="lg-a">
         <name>.cinit</name>
         <load_address>0x40000</load_address>
         <run_address>0x40000</run_address>
         <size>0x3a</size>
         <contents>
            <object_component_ref idref="oc-6c"/>
            <object_component_ref idref="oc-59"/>
            <object_component_ref idref="oc-3f"/>
         </contents>
      </logical_group>
      <logical_group id="lg-b">
         <name>.pinit</name>
         <run_address>0x0</run_address>
         <size>0x0</size>
         <contents>
         </contents>
      </logical_group>
      <logical_group id="lg-c">
         <name>.cio</name>
         <run_address>0x0</run_address>
         <size>0x0</size>
         <contents>
         </contents>
      </logical_group>
      <logical_group id="lg-d">
         <name>.args</name>
         <run_address>0x0</run_address>
         <size>0x0</size>
         <contents>
         </contents>
      </logical_group>
      <logical_group id="lg-e">
         <name>vectors</name>
         <load_address>0x4fe00</load_address>
         <run_address>0x4fe00</run_address>
         <size>0x100</size>
         <contents>
            <object_component_ref idref="oc-11"/>
         </contents>
      </logical_group>
      <logical_group id="lg-f">
         <name>.ioport</name>
         <run_address>0x0</run_address>
         <size>0x0</size>
         <contents>
         </contents>
      </logical_group>
      <logical_group id="lg-86">
         <name>.debug_info</name>
         <load_address>0x0</load_address>
         <run_address>0x0</run_address>
         <size>0x1e2dd</size>
         <contents>
            <object_component_ref idref="oc-13"/>
            <object_component_ref idref="oc-18"/>
            <object_component_ref idref="oc-1e"/>
            <object_component_ref idref="oc-23"/>
            <object_component_ref idref="oc-29"/>
            <object_component_ref idref="oc-2e"/>
            <object_component_ref idref="oc-33"/>
            <object_component_ref idref="oc-38"/>
            <object_component_ref idref="oc-3e"/>
            <object_component_ref idref="oc-45"/>
            <object_component_ref idref="oc-4a"/>
            <object_component_ref idref="oc-4f"/>
            <object_component_ref idref="oc-53"/>
            <object_component_ref idref="oc-58"/>
            <object_component_ref idref="oc-5e"/>
            <object_component_ref idref="oc-62"/>
            <object_component_ref idref="oc-66"/>
            <object_component_ref idref="oc-6b"/>
            <object_component_ref idref="oc-70"/>
            <object_component_ref idref="oc-74"/>
            <object_component_ref idref="oc-94"/>
         </contents>
      </logical_group>
      <logical_group id="lg-88">
         <name>.debug_frame</name>
         <load_address>0x0</load_address>
         <run_address>0x0</run_address>
         <size>0xfd2</size>
         <contents>
            <object_component_ref idref="oc-14"/>
            <object_component_ref idref="oc-19"/>
            <object_component_ref idref="oc-1f"/>
            <object_component_ref idref="oc-24"/>
            <object_component_ref idref="oc-2a"/>
            <object_component_ref idref="oc-2f"/>
            <object_component_ref idref="oc-34"/>
            <object_component_ref idref="oc-39"/>
            <object_component_ref idref="oc-40"/>
            <object_component_ref idref="oc-46"/>
            <object_component_ref idref="oc-4b"/>
         </contents>
      </logical_group>
      <logical_group id="lg-8a">
         <name>.debug_line</name>
         <load_address>0x0</load_address>
         <run_address>0x0</run_address>
         <size>0x2321</size>
         <contents>
            <object_component_ref idref="oc-15"/>
            <object_component_ref idref="oc-1a"/>
            <object_component_ref idref="oc-20"/>
            <object_component_ref idref="oc-25"/>
            <object_component_ref idref="oc-2b"/>
            <object_component_ref idref="oc-30"/>
            <object_component_ref idref="oc-35"/>
            <object_component_ref idref="oc-3a"/>
            <object_component_ref idref="oc-41"/>
            <object_component_ref idref="oc-47"/>
            <object_component_ref idref="oc-4c"/>
            <object_component_ref idref="oc-50"/>
            <object_component_ref idref="oc-54"/>
            <object_component_ref idref="oc-5b"/>
            <object_component_ref idref="oc-5f"/>
            <object_component_ref idref="oc-63"/>
            <object_component_ref idref="oc-67"/>
            <object_component_ref idref="oc-6d"/>
            <object_component_ref idref="oc-71"/>
            <object_component_ref idref="oc-75"/>
         </contents>
      </logical_group>
      <logical_group id="lg-8c">
         <name>.debug_abbrev</name>
         <load_address>0x0</load_address>
         <run_address>0x0</run_address>
         <size>0x1399</size>
         <contents>
            <object_component_ref idref="oc-16"/>
            <object_component_ref idref="oc-1b"/>
            <object_component_ref idref="oc-21"/>
            <object_component_ref idref="oc-26"/>
            <object_component_ref idref="oc-2c"/>
            <object_component_ref idref="oc-31"/>
            <object_component_ref idref="oc-36"/>
            <object_component_ref idref="oc-3b"/>
            <object_component_ref idref="oc-42"/>
            <object_component_ref idref="oc-48"/>
            <object_component_ref idref="oc-4d"/>
            <object_component_ref idref="oc-51"/>
            <object_component_ref idref="oc-55"/>
            <object_component_ref idref="oc-5c"/>
            <object_component_ref idref="oc-60"/>
            <object_component_ref idref="oc-64"/>
            <object_component_ref idref="oc-68"/>
            <object_component_ref idref="oc-6e"/>
            <object_component_ref idref="oc-72"/>
            <object_component_ref idref="oc-76"/>
            <object_component_ref idref="oc-95"/>
         </contents>
      </logical_group>
   </logical_group_list>
   <placement_map>
      <memory_area>
         <name>MMR</name>
         <page_id>0x0</page_id>
         <origin>0x0</origin>
         <length>0xc0</length>
         <used_space>0x0</used_space>
         <unused_space>0xc0</unused_space>
         <attributes>RWIX</attributes>
         <usage_details>
         </usage_details>
      </memory_area>
      <memory_area>
         <name>DARAM0</name>
         <page_id>0x0</page_id>
         <origin>0xc0</origin>
         <length>0xff40</length>
         <used_space>0x3094</used_space>
         <unused_space>0xceac</unused_space>
         <attributes>RWIX</attributes>
         <usage_details>
            <allocated_space>
               <start_address>0xc0</start_address>
               <size>0x0</size>
               <logical_group_ref idref="lg-5"/>
            </allocated_space>
            <allocated_space>
               <start_address>0xc0</start_address>
               <size>0x2000</size>
               <logical_group_ref idref="lg-3"/>
            </allocated_space>
            <allocated_space>
               <start_address>0x20c0</start_address>
               <size>0x1000</size>
               <logical_group_ref idref="lg-4"/>
            </allocated_space>
            <allocated_space>
               <start_address>0x30c0</start_address>
               <size>0x94</size>
               <logical_group_ref idref="lg-93"/>
            </allocated_space>
            <available_space>
               <start_address>0x3154</start_address>
               <size>0xceac</size>
            </available_space>
         </usage_details>
      </memory_area>
      <memory_area>
         <name>SARAM0</name>
         <page_id>0x0</page_id>
         <origin>0x10000</origin>
         <length>0x10000</length>
         <used_space>0x0</used_space>
         <unused_space>0x10000</unused_space>
         <attributes>RWIX</attributes>
         <usage_details>
         </usage_details>
      </memory_area>
      <memory_area>
         <name>SARAM1</name>
         <page_id>0x0</page_id>
         <origin>0x20000</origin>
         <length>0x20000</length>
         <used_space>0x2701</used_space>
         <unused_space>0x1d8ff</unused_space>
         <attributes>RWIX</attributes>
         <usage_details>
            <allocated_space>
               <start_address>0x20000</start_address>
               <size>0x2701</size>
               <logical_group_ref idref="lg-92"/>
            </allocated_space>
            <available_space>
               <start_address>0x22701</start_address>
               <size>0x1d8ff</size>
            </available_space>
         </usage_details>
      </memory_area>
      <memory_area>
         <name>SARAM2</name>
         <page_id>0x0</page_id>
         <origin>0x40000</origin>
         <length>0xfe00</length>
         <used_space>0x3a</used_space>
         <unused_space>0xfdc6</unused_space>
         <attributes>RWIX</attributes>
         <usage_details>
            <allocated_space>
               <start_address>0x40000</start_address>
               <size>0x3a</size>
               <logical_group_ref idref="lg-a"/>
            </allocated_space>
            <available_space>
               <start_address>0x4003a</start_address>
               <size>0xfdc6</size>
            </available_space>
         </usage_details>
      </memory_area>
      <memory_area>
         <name>VECS</name>
         <page_id>0x0</page_id>
         <origin>0x4fe00</origin>
         <length>0x200</length>
         <used_space>0x100</used_space>
         <unused_space>0x100</unused_space>
         <attributes>RWIX</attributes>
         <usage_details>
            <allocated_space>
               <start_address>0x4fe00</start_address>
               <size>0x100</size>
               <logical_group_ref idref="lg-e"/>
            </allocated_space>
            <available_space>
               <start_address>0x4ff00</start_address>
               <size>0x100</size>
            </available_space>
         </usage_details>
      </memory_area>
      <memory_area>
         <name>PDROM</name>
         <page_id>0x0</page_id>
         <origin>0xff8000</origin>
         <length>0x8000</length>
         <used_space>0x0</used_space>
         <unused_space>0x8000</unused_space>
         <attributes>RIX</attributes>
         <usage_details>
         </usage_details>
      </memory_area>
      <memory_area>
         <name>IOPORT</name>
         <page_id>0x2</page_id>
         <origin>0x0</origin>
         <length>0x20000</length>
         <used_space>0x0</used_space>
         <unused_space>0x20000</unused_space>
         <attributes>RWI</attributes>
         <usage_details>
         </usage_details>
      </memory_area>
   </placement_map>
   <symbol_table>
      <symbol id="sm-0">
         <name>$TI_capability$C5500$CallingConvention</name>
         <value>0x2</value>
      </symbol>
      <symbol id="sm-1">
         <name>$TI_capability$C5500$MemoryModel</name>
         <value>0x2</value>
      </symbol>
      <symbol id="sm-2">
         <name>$TI_capability_requires_rev3</name>
         <value>0x1</value>
      </symbol>
      <symbol id="sm-3">
         <name>cinit</name>
         <value>0x40000</value>
      </symbol>
      <symbol id="sm-4">
         <name>___cinit__</name>
         <value>0x40000</value>
      </symbol>
      <symbol id="sm-5">
         <name>pinit</name>
         <value>0xffffffff</value>
      </symbol>
      <symbol id="sm-6">
         <name>___pinit__</name>
         <value>0xffffffff</value>
      </symbol>
      <symbol id="sm-7">
         <name>binit</name>
         <value>0xffffffff</value>
      </symbol>
      <symbol id="sm-8">
         <name>___binit__</name>
         <value>0xffffffff</value>
      </symbol>
      <symbol id="sm-9">
         <name>__STACK_SIZE</name>
         <value>0x2000</value>
      </symbol>
      <symbol id="sm-a">
         <name>__STACK_END</name>
         <value>0x20c0</value>
      </symbol>
      <symbol id="sm-b">
         <name>___c_args__</name>
         <value>0xffffffff</value>
      </symbol>
      <symbol id="sm-c">
         <name>__SYSSTACK_SIZE</name>
         <value>0x1000</value>
      </symbol>
      <symbol id="sm-d">
         <name>.text</name>
         <value>0xffffffff</value>
      </symbol>
      <symbol id="sm-e">
         <name>___text__</name>
         <value>0xffffffff</value>
      </symbol>
      <symbol id="sm-f">
         <name>etext</name>
         <value>0xffffffff</value>
      </symbol>
      <symbol id="sm-10">
         <name>___etext__</name>
         <value>0xffffffff</value>
      </symbol>
      <symbol id="sm-11">
         <name>.data</name>
         <value>0xffffffff</value>
      </symbol>
      <symbol id="sm-12">
         <name>___data__</name>
         <value>0xffffffff</value>
      </symbol>
      <symbol id="sm-13">
         <name>edata</name>
         <value>0xffffffff</value>
      </symbol>
      <symbol id="sm-14">
         <name>___edata__</name>
         <value>0xffffffff</value>
      </symbol>
      <symbol id="sm-15">
         <name>.bss</name>
         <value>0xffffffff</value>
      </symbol>
      <symbol id="sm-16">
         <name>___bss__</name>
         <value>0xffffffff</value>
      </symbol>
      <symbol id="sm-17">
         <name>end</name>
         <value>0xffffffff</value>
      </symbol>
      <symbol id="sm-18">
         <name>___end__</name>
         <value>0xffffffff</value>
      </symbol>
      <symbol id="sm-47">
         <name>_AIC3204_Init</name>
         <value>0x21ce6</value>
         <object_component_ref idref="oc-12"/>
      </symbol>
      <symbol id="sm-48">
         <name>_AIC3204_process</name>
         <value>0x21e96</value>
         <object_component_ref idref="oc-12"/>
      </symbol>
      <symbol id="sm-56">
         <name>_EZDSP5535_wait</name>
         <value>0x2255e</value>
         <object_component_ref idref="oc-17"/>
      </symbol>
      <symbol id="sm-57">
         <name>_EZDSP5535_waitusec</name>
         <value>0x22592</value>
         <object_component_ref idref="oc-17"/>
      </symbol>
      <symbol id="sm-58">
         <name>_EZDSP5535_init</name>
         <value>0x225a4</value>
         <object_component_ref idref="oc-17"/>
      </symbol>
      <symbol id="sm-64">
         <name>_EZDSP5535_GPIO_setDirection</name>
         <value>0x22490</value>
         <object_component_ref idref="oc-1c"/>
      </symbol>
      <symbol id="sm-65">
         <name>_EZDSP5535_GPIO_getInput</name>
         <value>0x224ce</value>
         <object_component_ref idref="oc-1c"/>
      </symbol>
      <symbol id="sm-66">
         <name>_EZDSP5535_GPIO_setOutput</name>
         <value>0x224b4</value>
         <object_component_ref idref="oc-1c"/>
      </symbol>
      <symbol id="sm-67">
         <name>_GpioObj</name>
         <value>0x3138</value>
         <object_component_ref idref="oc-1d"/>
      </symbol>
      <symbol id="sm-68">
         <name>_hGpio</name>
         <value>0x313c</value>
         <object_component_ref idref="oc-1d"/>
      </symbol>
      <symbol id="sm-69">
         <name>_EZDSP5535_GPIO_init</name>
         <value>0x22465</value>
         <object_component_ref idref="oc-1c"/>
      </symbol>
      <symbol id="sm-73">
         <name>_EZDSP5535_I2C_init</name>
         <value>0x223d7</value>
         <object_component_ref idref="oc-22"/>
      </symbol>
      <symbol id="sm-74">
         <name>_EZDSP5535_I2C_read</name>
         <value>0x2243d</value>
         <object_component_ref idref="oc-22"/>
      </symbol>
      <symbol id="sm-75">
         <name>_EZDSP5535_I2C_write</name>
         <value>0x22417</value>
         <object_component_ref idref="oc-22"/>
      </symbol>
      <symbol id="sm-76">
         <name>_EZDSP5535_I2C_reset</name>
         <value>0x2240c</value>
         <object_component_ref idref="oc-22"/>
      </symbol>
      <symbol id="sm-8a">
         <name>_EZDSP5535_I2S_readRight</name>
         <value>0x222e7</value>
         <object_component_ref idref="oc-27"/>
      </symbol>
      <symbol id="sm-8b">
         <name>_EZDSP5535_I2S_init</name>
         <value>0x2222f</value>
         <object_component_ref idref="oc-27"/>
      </symbol>
      <symbol id="sm-8c">
         <name>_EZDSP5535_I2S_writeLeft</name>
         <value>0x222ba</value>
         <object_component_ref idref="oc-27"/>
      </symbol>
      <symbol id="sm-8d">
         <name>_EZDSP5535_I2S_close</name>
         <value>0x22324</value>
         <object_component_ref idref="oc-27"/>
      </symbol>
      <symbol id="sm-8e">
         <name>_EZDSP5535_I2S_writeRight</name>
         <value>0x22308</value>
         <object_component_ref idref="oc-27"/>
      </symbol>
      <symbol id="sm-8f">
         <name>_EZDSP5535_I2S_readLeft</name>
         <value>0x22288</value>
         <object_component_ref idref="oc-27"/>
      </symbol>
      <symbol id="sm-90">
         <name>_hI2s</name>
         <value>0x3150</value>
         <object_component_ref idref="oc-28"/>
      </symbol>
      <symbol id="sm-9e">
         <name>_EZDSP5535_OSD9616_printLetter</name>
         <value>0x221f2</value>
         <object_component_ref idref="oc-2d"/>
      </symbol>
      <symbol id="sm-9f">
         <name>_EZDSP5535_OSD9616_init</name>
         <value>0x22110</value>
         <object_component_ref idref="oc-2d"/>
      </symbol>
      <symbol id="sm-a0">
         <name>_EZDSP5535_OSD9616_send</name>
         <value>0x2209d</value>
         <object_component_ref idref="oc-2d"/>
      </symbol>
      <symbol id="sm-a1">
         <name>_EZDSP5535_OSD9616_multiSend</name>
         <value>0x220c5</value>
         <object_component_ref idref="oc-2d"/>
      </symbol>
      <symbol id="sm-c0">
         <name>_EZDSP5535_XF_on</name>
         <value>0x22059</value>
         <object_component_ref idref="oc-32"/>
      </symbol>
      <symbol id="sm-c1">
         <name>_EZDSP5535_LED_off</name>
         <value>0x21fe1</value>
         <object_component_ref idref="oc-32"/>
      </symbol>
      <symbol id="sm-c2">
         <name>_EZDSP5535_XF_toggle</name>
         <value>0x2207e</value>
         <object_component_ref idref="oc-32"/>
      </symbol>
      <symbol id="sm-c3">
         <name>_EZDSP5535_XF_get</name>
         <value>0x2206f</value>
         <object_component_ref idref="oc-32"/>
      </symbol>
      <symbol id="sm-c4">
         <name>_EZDSP5535_XF_off</name>
         <value>0x22064</value>
         <object_component_ref idref="oc-32"/>
      </symbol>
      <symbol id="sm-c5">
         <name>_EZDSP5535_LED_on</name>
         <value>0x21fac</value>
         <object_component_ref idref="oc-32"/>
      </symbol>
      <symbol id="sm-c6">
         <name>_EZDSP5535_LED_getall</name>
         <value>0x21eec</value>
         <object_component_ref idref="oc-32"/>
      </symbol>
      <symbol id="sm-c7">
         <name>_EZDSP5535_LED_setall</name>
         <value>0x21f3e</value>
         <object_component_ref idref="oc-32"/>
      </symbol>
      <symbol id="sm-c8">
         <name>_EZDSP5535_LED_toggle</name>
         <value>0x22014</value>
         <object_component_ref idref="oc-32"/>
      </symbol>
      <symbol id="sm-c9">
         <name>_EZDSP5535_LED_init</name>
         <value>0x21eb6</value>
         <object_component_ref idref="oc-32"/>
      </symbol>
      <symbol id="sm-d6">
         <name>_main</name>
         <value>0x226be</value>
         <object_component_ref idref="oc-37"/>
      </symbol>
      <symbol id="sm-d7">
         <name>_StopTest</name>
         <value>0x226bc</value>
         <object_component_ref idref="oc-37"/>
      </symbol>
      <symbol id="sm-17c">
         <name>_I2S_write</name>
         <value>0x213dd</value>
         <object_component_ref idref="oc-3c"/>
      </symbol>
      <symbol id="sm-17d">
         <name>_I2S_read</name>
         <value>0x21123</value>
         <object_component_ref idref="oc-3c"/>
      </symbol>
      <symbol id="sm-17e">
         <name>_I2S_close</name>
         <value>0x21071</value>
         <object_component_ref idref="oc-3c"/>
      </symbol>
      <symbol id="sm-17f">
         <name>_ouError</name>
         <value>0x3112</value>
         <object_component_ref idref="oc-3d"/>
      </symbol>
      <symbol id="sm-180">
         <name>_I2S_reset</name>
         <value>0x21533</value>
         <object_component_ref idref="oc-3c"/>
      </symbol>
      <symbol id="sm-181">
         <name>_I2S_setup</name>
         <value>0x20d83</value>
         <object_component_ref idref="oc-3c"/>
      </symbol>
      <symbol id="sm-182">
         <name>_fsError</name>
         <value>0x3110</value>
         <object_component_ref idref="oc-3d"/>
      </symbol>
      <symbol id="sm-183">
         <name>_I2S_open</name>
         <value>0x20c3c</value>
         <object_component_ref idref="oc-3c"/>
      </symbol>
      <symbol id="sm-184">
         <name>_I2S_transEnable</name>
         <value>0x215e4</value>
         <object_component_ref idref="oc-3c"/>
      </symbol>
      <symbol id="sm-201">
         <name>_I2C_eventEnable</name>
         <value>0x20940</value>
         <object_component_ref idref="oc-43"/>
      </symbol>
      <symbol id="sm-202">
         <name>_I2C_setCallback</name>
         <value>0x20b93</value>
         <object_component_ref idref="oc-43"/>
      </symbol>
      <symbol id="sm-203">
         <name>_I2C_init</name>
         <value>0x20000</value>
         <object_component_ref idref="oc-43"/>
      </symbol>
      <symbol id="sm-204">
         <name>_I2C_config</name>
         <value>0x200a9</value>
         <object_component_ref idref="oc-43"/>
      </symbol>
      <symbol id="sm-205">
         <name>_gI2cObj</name>
         <value>0x3114</value>
         <object_component_ref idref="oc-44"/>
      </symbol>
      <symbol id="sm-206">
         <name>_I2C_getConfig</name>
         <value>0x2020e</value>
         <object_component_ref idref="oc-43"/>
      </symbol>
      <symbol id="sm-207">
         <name>_I2C_setup</name>
         <value>0x202e4</value>
         <object_component_ref idref="oc-43"/>
      </symbol>
      <symbol id="sm-208">
         <name>_I2C_write</name>
         <value>0x204de</value>
         <object_component_ref idref="oc-43"/>
      </symbol>
      <symbol id="sm-209">
         <name>_I2C_read</name>
         <value>0x20722</value>
         <object_component_ref idref="oc-43"/>
      </symbol>
      <symbol id="sm-20a">
         <name>_I2C_eventDisable</name>
         <value>0x20a74</value>
         <object_component_ref idref="oc-43"/>
      </symbol>
      <symbol id="sm-20b">
         <name>_I2C_getEventId</name>
         <value>0x20c20</value>
         <object_component_ref idref="oc-43"/>
      </symbol>
      <symbol id="sm-20c">
         <name>_i2cHandle</name>
         <value>0x3134</value>
         <object_component_ref idref="oc-44"/>
      </symbol>
      <symbol id="sm-251">
         <name>_GPIO_write</name>
         <value>0x21827</value>
         <object_component_ref idref="oc-49"/>
      </symbol>
      <symbol id="sm-252">
         <name>_GPIO_read</name>
         <value>0x217a4</value>
         <object_component_ref idref="oc-49"/>
      </symbol>
      <symbol id="sm-253">
         <name>_GPIO_close</name>
         <value>0x21673</value>
         <object_component_ref idref="oc-49"/>
      </symbol>
      <symbol id="sm-254">
         <name>_GPIO_enableInt</name>
         <value>0x21a90</value>
         <object_component_ref idref="oc-49"/>
      </symbol>
      <symbol id="sm-255">
         <name>_GPIO_clearInt</name>
         <value>0x21b1a</value>
         <object_component_ref idref="oc-49"/>
      </symbol>
      <symbol id="sm-256">
         <name>_GPIO_statusBit</name>
         <value>0x21ba6</value>
         <object_component_ref idref="oc-49"/>
      </symbol>
      <symbol id="sm-257">
         <name>_GPIO_configBit</name>
         <value>0x218ca</value>
         <object_component_ref idref="oc-49"/>
      </symbol>
      <symbol id="sm-258">
         <name>_GPIO_reset</name>
         <value>0x21c2d</value>
         <object_component_ref idref="oc-49"/>
      </symbol>
      <symbol id="sm-259">
         <name>_GPIO_getConfig</name>
         <value>0x2171c</value>
         <object_component_ref idref="oc-49"/>
      </symbol>
      <symbol id="sm-25a">
         <name>_GPIO_disableInt</name>
         <value>0x21a12</value>
         <object_component_ref idref="oc-49"/>
      </symbol>
      <symbol id="sm-25b">
         <name>_GPIO_config</name>
         <value>0x21697</value>
         <object_component_ref idref="oc-49"/>
      </symbol>
      <symbol id="sm-25c">
         <name>_GPIO_open</name>
         <value>0x2162f</value>
         <object_component_ref idref="oc-49"/>
      </symbol>
      <symbol id="sm-268">
         <name>__sysstack</name>
         <value>0x20c0</value>
         <object_component_ref idref="oc-77"/>
      </symbol>
      <symbol id="sm-269">
         <name>_c_int00</name>
         <value>0x22688</value>
         <object_component_ref idref="oc-10"/>
      </symbol>
      <symbol id="sm-26a">
         <name>__stack</name>
         <value>0xc0</value>
         <object_component_ref idref="oc-4e"/>
      </symbol>
      <symbol id="sm-275">
         <name>__divul</name>
         <value>0x22336</value>
         <object_component_ref idref="oc-52"/>
      </symbol>
      <symbol id="sm-285">
         <name>C$$EXIT</name>
         <value>0x226f8</value>
         <object_component_ref idref="oc-5a"/>
      </symbol>
      <symbol id="sm-286">
         <name>_exit</name>
         <value>0x2264a</value>
         <object_component_ref idref="oc-56"/>
      </symbol>
      <symbol id="sm-287">
         <name>_abort</name>
         <value>0x226f7</value>
         <object_component_ref idref="oc-5a"/>
      </symbol>
      <symbol id="sm-288">
         <name>__cleanup_ptr</name>
         <value>0x3148</value>
         <object_component_ref idref="oc-57"/>
      </symbol>
      <symbol id="sm-289">
         <name>__dtors_ptr</name>
         <value>0x314c</value>
         <object_component_ref idref="oc-57"/>
      </symbol>
      <symbol id="sm-291">
         <name>__mpyli</name>
         <value>0x226d2</value>
         <object_component_ref idref="oc-5d"/>
      </symbol>
      <symbol id="sm-292">
         <name>I$$LMPY</name>
         <value>0x226d2</value>
         <object_component_ref idref="oc-5d"/>
      </symbol>
      <symbol id="sm-29d">
         <name>__remul</name>
         <value>0x224ec</value>
         <object_component_ref idref="oc-61"/>
      </symbol>
      <symbol id="sm-2a7">
         <name>_Reset</name>
         <value>0x4fe00</value>
         <object_component_ref idref="oc-11"/>
      </symbol>
      <symbol id="sm-2b5">
         <name>__unlock</name>
         <value>0x3144</value>
         <object_component_ref idref="oc-6a"/>
      </symbol>
      <symbol id="sm-2b6">
         <name>__lock</name>
         <value>0x3140</value>
         <object_component_ref idref="oc-6a"/>
      </symbol>
      <symbol id="sm-2b7">
         <name>__register_lock</name>
         <value>0x226ed</value>
         <object_component_ref idref="oc-69"/>
      </symbol>
      <symbol id="sm-2b8">
         <name>__nop</name>
         <value>0x226f5</value>
         <object_component_ref idref="oc-69"/>
      </symbol>
      <symbol id="sm-2b9">
         <name>__register_unlock</name>
         <value>0x226e5</value>
         <object_component_ref idref="oc-69"/>
      </symbol>
      <symbol id="sm-2c3">
         <name>__args_main</name>
         <value>0x225ff</value>
         <object_component_ref idref="oc-6f"/>
      </symbol>
      <symbol id="sm-2c4">
         <name>__TI_args_main</name>
         <value>0x1</value>
      </symbol>
      <symbol id="sm-2cc">
         <name>_auto_init</name>
         <value>0x225b2</value>
         <object_component_ref idref="oc-73"/>
      </symbol>
   </symbol_table>
</link_info>
